date,ticker,sentiment_mean,sentiment_max,sentiment_min,sentiment_count,sentiment_index
2023-01-03,AAPL,0.001,0.001,0.001,1,0.0006931471805599453
2023-01-05,AAPL,0.251187,0.251187,0.251187,1,0.17410956084331097
2023-01-12,AAPL,0.174271,0.233677,0.114865,2,0.19145626215848016
2023-01-13,AAPL,0.402375,0.402375,0.402375,1,0.27890509677780795
2023-01-18,GOOG,0.00686,0.00686,0.00686,1,0.004754989658641224
2023-01-19,AAPL,0.001,0.001,0.001,1,0.0006931471805599453
2023-01-25,AAPL,0.001,0.001,0.001,1,0.0006931471805599453
2023-01-25,GOOG,0.001,0.001,0.001,1,0.0006931471805599453
2023-01-26,AAPL,0.148037,0.295074,0.001,2,0.16263526737756098
2023-02-07,AAPL,0.184361,0.184361,0.184361,1,0.12778930735521207
2023-02-07,GOOG,0.282139,0.311079,0.225033,3,0.39112770475200476
2023-02-08,GOOG,0.101041,0.101041,0.101041,1,0.07003628427095744
2023-02-17,AAPL,0.001,0.001,0.001,1,0.0006931471805599453
2023-02-22,AAPL,0.353217,0.353217,0.353217,1,0.2448313676758422
2023-02-23,AAPL,0.001,0.001,0.001,1,0.0006931471805599453
2023-02-26,AAPL,0.001,0.001,0.001,1,0.0006931471805599453
2023-02-28,AAPL,0.600169,0.600169,0.600169,1,0.41600545020948176
2023-02-28,GOOG,0.421159,0.421159,0.421159,1,0.291925173417446
2023-03-01,AAPL,0.082168,0.082168,0.082168,1,0.05695451753224959
2023-03-03,AAPL,0.190019,0.190019,0.190019,1,0.13171113410282023
2023-03-03,GOOG,0.372837,0.372837,0.372837,1,0.2584309153584283
2023-03-07,AAPL,0.031804,0.062608,0.001,2,0.03494026522880056
2023-03-07,GOOG,0.062608,0.062608,0.062608,1,0.04339655868049705
2023-03-09,GOOG,0.300356,0.300356,0.300356,1,0.20819091456426295
2023-03-10,AAPL,0.001,0.001,0.001,1,0.0006931471805599453
2023-03-12,AAPL,0.228044,0.228044,0.228044,1,0.15806805564361215
2023-03-19,AAPL,0.070535,0.070535,0.070535,1,0.048891136380795744
2023-03-21,AAPL,0.300607,0.300607,0.300607,1,0.2083648945065835
2023-03-28,AAPL,0.339061,0.339061,0.339061,1,0.2350191761878356
2023-03-29,AAPL,0.001,0.001,0.001,1,0.0006931471805599453
2023-03-31,AAPL,0.312741,0.312741,0.312741,1,0.21677554239549784
2023-04-03,AAPL,0.229974,0.25177,0.208178,2,0.2526522624741599
2023-04-05,AAPL,0.260535,0.260535,0.260535,1,0.18058910068718537
2023-04-06,AAPL,0.214531,0.214531,0.214531,1,0.14870155779270564
2023-04-10,AAPL,0.343752,0.374618,0.312886,2,0.37765017145424007
2023-04-13,AAPL,0.474114,0.474114,0.474114,1,0.3286307823639979
2023-04-17,AAPL,0.419238,0.419238,0.419238,1,0.29059363768359037
2023-04-18,AAPL,0.158501,0.158501,0.158501,1,0.1098645212659319
2023-04-24,AAPL,0.306616,0.306616,0.306616,1,0.2125300159145682
2023-04-25,GOOG,0.001,0.001,0.001,1,0.0006931471805599453
2023-04-27,AAPL,0.362708,0.362708,0.362708,1,0.25141002756653663
2023-05-02,AAPL,0.059008,0.059008,0.059008,1,0.04090122883048125
2023-05-03,AAPL,0.001,0.001,0.001,1,0.0006931471805599453
2023-05-04,AAPL,0.190652,0.190652,0.190652,1,0.13214989626811469
2023-05-05,AAPL,0.3273365,0.405836,0.248837,2,0.3596159014296087
2023-05-06,AAPL,0.726904,0.726904,0.726904,1,0.5038514581377465
2023-05-12,AAPL,0.247747,0.247747,0.247747,1,0.17172513454218477
2023-05-16,AAPL,0.410418,0.410418,0.410418,1,0.28448007955105165
2023-05-22,AAPL,0.288597,0.288597,0.288597,1,0.20004019686805852
2023-05-23,AAPL,0.387623,0.45718,0.318066,2,0.4258473911703987
2023-05-26,GOOG,0.2957,0.2957,0.2957,1,0.20496362129157583
2023-05-30,GOOG,0.116108,0.116108,0.116108,1,0.08047993284045413
2023-05-31,AAPL,0.133297,0.133297,0.133297,1,0.09239443972709903
2023-05-31,GOOG,0.27607,0.27607,0.27607,1,0.19135714213718408
2023-06-01,AAPL,0.26548649999999996,0.368955,0.162018,2,0.2916667313754861
2023-06-02,AAPL,0.025498,0.025498,0.025498,1,0.017673866809917484
2023-06-05,AAPL,0.43928,0.43928,0.43928,1,0.3044856934763728
2023-06-06,GOOG,0.172246,0.172246,0.172246,1,0.11939182926272834
2023-06-08,AAPL,0.41358,0.41358,0.41358,1,0.28667181093598215
2023-06-09,AAPL,0.001,0.001,0.001,1,0.0006931471805599453
2023-06-15,GOOG,0.356343,0.356343,0.356343,1,0.2469981457622726
2023-06-22,GOOG,0.336215,0.336215,0.336215,1,0.23304647931196198
2023-06-23,GOOG,0.155618,0.155618,0.155618,1,0.10786617794437757
2023-06-27,GOOG,0.300512,0.300512,0.300512,1,0.20829904552443027
2023-06-29,AAPL,0.001,0.001,0.001,1,0.0006931471805599453
2023-06-29,GOOG,0.40880099999999997,0.503709,0.313893,2,0.4491138022198119
2023-06-30,AAPL,0.3084854,0.854846,0.035958,5,0.5527316365686042
2023-07-05,AAPL,0.001,0.001,0.001,1,0.0006931471805599453
2023-07-06,AAPL,0.196567,0.196567,0.196567,1,0.13624986184112675
2023-07-10,AAPL,0.2089995,0.304117,0.113882,2,0.22960941902549062
2023-07-11,AAPL,0.33584,0.33584,0.33584,1,0.23278654911925203
2023-07-11,GOOG,0.671772,0.671772,0.671772,1,0.4656368677791156
2023-07-12,AAPL,0.126663,0.126663,0.126663,1,0.08779610133126435
2023-07-13,GOOG,0.360091,0.360091,0.360091,1,0.24959606139501125
2023-07-17,AAPL,0.10679,0.10679,0.10679,1,0.07402118741199655
2023-07-18,GOOG,0.172838,0.172838,0.172838,1,0.11980217239361982
2023-07-19,AAPL,0.606452,0.606452,0.606452,1,0.4203604939449399
2023-07-20,AAPL,0.18678650000000002,0.195173,0.1784,2,0.2052059442573059
2023-07-25,AAPL,0.388363,0.388363,0.388363,1,0.26919271848380205
2023-07-26,AAPL,0.275816,0.275816,0.275816,1,0.19118108275332188
2023-07-28,AAPL,0.119775,0.119775,0.119775,1,0.08302170355156745
2023-08-01,AAPL,0.330187,0.333907,0.326467,2,0.36274749575845716
2023-08-04,AAPL,0.001,0.001,0.001,1,0.0006931471805599453
2023-08-07,AAPL,0.171709,0.268063,0.075355,2,0.18864161747491245
2023-08-07,GOOG,0.319232,0.319232,0.319232,1,0.22127476074451247
2023-08-08,AAPL,0.079453,0.079453,0.079453,1,0.05507262293702933
2023-08-08,GOOG,0.203729,0.203729,0.203729,1,0.1412141819482971
2023-08-15,AAPL,0.054407,0.054407,0.054407,1,0.03771205865272494
2023-08-15,GOOG,0.054407,0.054407,0.054407,1,0.03771205865272494
2023-08-17,AAPL,0.587725,0.587725,0.587725,1,0.4073799266945939
2023-08-23,AAPL,0.212183,0.212183,0.212183,1,0.14707404821275089
2023-08-27,AAPL,0.059608,0.059608,0.059608,1,0.04131711713881722
2023-08-28,AAPL,0.408886,0.408886,0.408886,1,0.2834181780704338
2023-08-29,AAPL,0.126681,0.126681,0.126681,1,0.08780857798051442
2023-08-29,GOOG,0.32582133333333335,0.426486,0.268533,3,0.45168427713256426
2023-08-30,AAPL,0.30311350000000004,0.464204,0.142023,2,0.3330042159612011
2023-09-05,AAPL,0.001,0.001,0.001,1,0.0006931471805599453
2023-09-06,GOOG,0.382066,0.382066,0.382066,1,0.26482797068781605
2023-09-07,AAPL,0.162825,0.162825,0.162825,1,0.1128616896746731
2023-09-08,AAPL,0.313253,0.313253,0.313253,1,0.21713043375194455
2023-09-10,AAPL,0.001,0.001,0.001,1,0.0006931471805599453
2023-09-11,AAPL,0.1847195,0.364798,0.001,4,0.2972945664658708
2023-09-11,GOOG,0.364845,0.364845,0.364845,1,0.2528912830913932
2023-09-12,AAPL,0.34598399999999996,0.648622,0.035591,5,0.6199201082013993
2023-09-12,GOOG,0.178787,0.178787,0.178787,1,0.12392570497077093
2023-09-13,AAPL,0.317151,0.317151,0.317151,1,0.2198323214617672
2023-09-14,AAPL,0.399811,0.465643,0.333979,2,0.4392372777446857
2023-09-14,GOOG,0.333979,0.333979,0.333979,1,0.23149660221622997
2023-09-15,AAPL,0.035996,0.035996,0.035996,1,0.02495052591143579
2023-09-17,AAPL,0.248134,0.248134,0.248134,1,0.17199338250106147
2023-09-17,GOOG,0.336346,0.336346,0.336346,1,0.23313728159261535
2023-09-21,AAPL,0.283975,0.283975,0.283975,1,0.19683647059951045
2023-09-22,AAPL,0.304799,0.304799,0.304799,1,0.21127056748749076
2023-09-22,GOOG,0.420636,0.420636,0.420636,1,0.29156265744201315
2023-09-26,AAPL,0.227736,0.33516,0.120312,2,0.25019356817212063
2023-09-27,AAPL,0.1305295,0.260059,0.001,2,0.14340131273370402
2023-09-27,GOOG,0.001,0.001,0.001,1,0.0006931471805599453
2023-09-28,GOOG,0.313048,0.313048,0.313048,1,0.21698833857992975
2023-10-02,AAPL,0.001,0.001,0.001,1,0.0006931471805599453
2023-10-12,AAPL,0.001,0.001,0.001,1,0.0006931471805599453
2023-10-15,AAPL,0.10076,0.10076,0.10076,1,0.06984150991322009
2023-10-18,GOOG,0.001,0.001,0.001,1,0.0006931471805599453
2023-10-20,GOOG,0.001,0.001,0.001,1,0.0006931471805599453
2023-10-24,AAPL,0.22147399999999998,0.34423,0.107107,3,0.3070281573346666
2023-10-25,AAPL,0.077449,0.077449,0.077449,1,0.05368355598718721
2023-10-30,AAPL,0.400079,0.400079,0.400079,1,0.2773136308512424
2023-11-01,AAPL,0.3094635,0.318782,0.300145,2,0.3399804039942436
2023-11-01,GOOG,0.25998,0.318782,0.201178,2,0.28561722280793517
2023-11-02,AAPL,0.035918,0.035918,0.035918,1,0.024896460431352112
2023-11-02,GOOG,0.001,0.001,0.001,1,0.0006931471805599453
2023-11-04,AAPL,0.037472,0.037472,0.037472,1,0.025973611149942268
2023-11-05,AAPL,0.232547,0.232547,0.232547,1,0.1611892973976736
2023-11-07,AAPL,0.22452149999999998,0.234395,0.214648,2,0.24666207897019699
2023-11-07,GOOG,0.050189,0.050189,0.050189,1,0.03478836384512309
2023-11-09,AAPL,0.041129,0.041129,0.041129,1,0.028508450389249988
2023-11-10,AAPL,0.001,0.001,0.001,1,0.0006931471805599453
2023-11-13,AAPL,0.327422,0.327422,0.327422,1,0.2269516361532984
2023-11-13,GOOG,0.083434,0.083434,0.083434,1,0.05783204186283847
2023-11-14,AAPL,0.13189166666666666,0.21811,0.001,3,0.18284067377870422
2023-11-15,GOOG,0.27374,0.27374,0.27374,1,0.1897421092064794
2023-11-16,AAPL,0.208058,0.208058,0.208058,1,0.1442148160929411
2023-11-19,AAPL,0.147481,0.147481,0.147481,1,0.1022260393361613
2023-11-20,AAPL,0.2444055,0.487811,0.001,2,0.2685068857180737
2023-11-21,AAPL,0.3147715,0.409077,0.220466,2,0.3458118380224939
2023-11-22,AAPL,0.001,0.001,0.001,1,0.0006931471805599453
2023-11-25,AAPL,0.075954,0.075954,0.075954,1,0.05264730095225008
2023-11-27,AAPL,0.001,0.001,0.001,1,0.0006931471805599453
2023-11-27,GOOG,0.44253,0.44253,0.44253,1,0.30673842181319255
2023-11-30,AAPL,0.3926595,0.579529,0.226888,6,0.7640801061729847
2023-12-01,AAPL,0.342759,0.342759,0.342759,1,0.23758243446154628
2023-12-03,GOOG,0.37804,0.37804,0.37804,1,0.2620373601388817
2023-12-06,AAPL,0.065469,0.129938,0.001,2,0.07192504792681248
2023-12-06,GOOG,0.001,0.001,0.001,1,0.0006931471805599453
2023-12-07,AAPL,0.001,0.001,0.001,1,0.0006931471805599453
2023-12-07,GOOG,0.121068,0.121068,0.121068,1,0.08391794285603145
2023-12-08,AAPL,0.268917,0.268917,0.268917,1,0.18639906035463882
2023-12-08,GOOG,0.268917,0.268917,0.268917,1,0.18639906035463882
2023-12-14,AAPL,0.001,0.001,0.001,1,0.0006931471805599453
2023-12-15,GOOG,0.300057,0.300057,0.300057,1,0.20798366355727552
2023-12-19,AAPL,0.252024,0.252024,0.252024,1,0.17468972503343966
2023-12-29,AAPL,0.184916,0.184916,0.184916,1,0.12817400404042284
2023-12-31,AAPL,0.3761664,0.867223,0.001,10,0.902007632345581
2023-12-31,GOOG,0.259086,0.259086,0.259086,1,0.17958473042255396
2024-01-04,AAPL,0.212135,0.212135,0.212135,1,0.14704077714808397
2024-01-08,GOOG,0.266006,0.266006,0.266006,1,0.1843813089120288
2024-01-09,AAPL,0.198066,0.198066,0.198066,1,0.13728888946478612
2024-01-09,GOOG,0.742898,0.742898,0.742898,1,0.5149376541436222
2024-01-10,AAPL,0.145502,0.290004,0.001,2,0.15985028522578731
2024-01-11,GOOG,0.251507,0.251507,0.251507,1,0.17433136794109014
2024-01-15,AAPL,0.281532,0.281532,0.281532,1,0.19514311203740253
2024-01-16,AAPL,0.2955545,0.355842,0.235267,2,0.32469980567115886
2024-01-16,GOOG,0.355842,0.355842,0.355842,1,0.24665087902481206
2024-01-18,GOOG,0.252854,0.252854,0.252854,1,0.1752650371933044
2024-01-19,AAPL,0.001,0.001,0.001,1,0.0006931471805599453
2024-01-22,AAPL,0.354402,0.354402,0.354402,1,0.24565274708480572
2024-01-23,AAPL,0.349292,0.349292,0.349292,1,0.2421107649921444
2024-01-25,AAPL,0.114882,0.228764,0.001,2,0.1262107769467698
2024-01-26,AAPL,0.2052746666666667,0.33648,0.060867,3,0.2845711128807652
2024-01-30,AAPL,0.279901,0.562452,0.001,3,0.3880251779718185
2024-01-31,GOOG,0.367727,0.367727,0.367727,1,0.254888933265767
2024-02-01,AAPL,0.001,0.001,0.001,1,0.0006931471805599453
2024-02-02,AAPL,0.3046336,0.460883,0.191121,5,0.5458301374450316
2024-02-02,GOOG,0.450131,0.450131,0.450131,1,0.3120070335326287
2024-02-03,AAPL,0.180709,0.180709,0.180709,1,0.12525793385180717
2024-02-06,AAPL,0.251399,0.251399,0.251399,1,0.17425650804558968
2024-02-07,AAPL,0.382968,0.382968,0.382968,1,0.2654531894446811
2024-02-07,GOOG,0.37003,0.37003,0.37003,1,0.2564852512225966
2024-02-08,GOOG,0.348161,0.348161,0.348161,1,0.2413268155309311
2024-02-12,GOOG,0.001,0.001,0.001,1,0.0006931471805599453
2024-02-13,GOOG,0.1873,0.1873,0.1873,1,0.12982646691887775
2024-02-14,AAPL,0.100523,0.100523,0.100523,1,0.06967723403142738
2024-02-15,AAPL,0.222763,0.222763,0.222763,1,0.15440754538307508
2024-02-16,AAPL,0.302805,0.302805,0.302805,1,0.20988843200945423
2024-02-21,GOOG,0.4061545,0.533755,0.278554,2,0.44620632479785177
2024-02-22,AAPL,0.2346455,0.349903,0.119388,2,0.25778442978067295
2024-02-23,AAPL,0.443686,0.443686,0.443686,1,0.3075396999539199
2024-02-23,GOOG,0.263016,0.263016,0.263016,1,0.1823087988421546
2024-02-24,AAPL,0.389659,0.389659,0.389659,1,0.2700910372298077
2024-02-28,AAPL,0.346125,0.38573,0.30652,2,0.38025717841524953
2024-02-29,AAPL,0.48175,0.563673,0.399827,2,0.5292564700658619
2024-03-01,AAPL,0.0923635,0.121309,0.063418,2,0.10147167612439696
2024-03-01,GOOG,0.3634,0.3634,0.3634,1,0.2518896854154841
2024-03-04,AAPL,0.121217,0.121217,0.121217,1,0.0840212217859349
2024-03-04,GOOG,0.249094,0.249094,0.249094,1,0.17265880379439902
2024-03-05,AAPL,0.304718,0.304718,0.304718,1,0.2112144225658654
2024-03-06,AAPL,0.3306215,0.400978,0.260265,2,0.3632248427978835
2024-03-08,AAPL,0.308045,0.308045,0.308045,1,0.21352052323558834
2024-03-11,AAPL,0.254009,0.254009,0.254009,1,0.17606562218685112
2024-03-11,GOOG,0.254009,0.254009,0.254009,1,0.17606562218685112
2024-03-12,AAPL,0.001,0.001,0.001,1,0.0006931471805599453
2024-03-12,GOOG,0.2711655,0.320832,0.221499,2,0.2979057505628323
2024-03-13,AAPL,0.001,0.001,0.001,1,0.0006931471805599453
2024-03-13,GOOG,0.328954,0.328954,0.328954,1,0.22801353763391627
2024-03-14,AAPL,0.370862,0.370862,0.370862,1,0.25706194967682244
2024-03-15,AAPL,0.405016,0.405016,0.405016,1,0.2807356984816668
2024-03-15,GOOG,0.256627,0.256627,0.256627,1,0.17788028150555707
2024-03-18,AAPL,0.2996855,0.383003,0.216368,2,0.3292381730356468
2024-03-19,AAPL,0.001,0.001,0.001,1,0.0006931471805599453
2024-03-19,GOOG,0.001,0.001,0.001,1,0.0006931471805599453
2024-03-20,AAPL,0.064859,0.064859,0.064859,1,0.04495683298393749
2024-03-21,AAPL,0.19141750000000002,0.339189,0.043646,2,0.21029361776612793
2024-03-21,GOOG,0.247098,0.247098,0.247098,1,0.17127528202200137
2024-03-22,AAPL,0.17094399999999998,0.36955,0.001,3,0.23697870326727855
2024-03-23,AAPL,0.479818,0.479818,0.479818,1,0.33258449388191186
2024-03-27,AAPL,0.581924,0.581924,0.581924,1,0.4033589799001656
2024-03-28,AAPL,0.085188,0.169376,0.001,2,0.09358858364705894
2024-04-02,AAPL,0.274556,0.294868,0.255321,4,0.4418808354862569
2024-04-02,GOOG,0.36138750000000003,0.570744,0.152031,2,0.3970247484710466
2024-04-04,GOOG,0.3157625,0.318287,0.313238,2,0.346900562800564
2024-04-08,AAPL,0.334404,0.334404,0.334404,1,0.23179118976796792
2024-04-09,AAPL,0.095554,0.095554,0.095554,1,0.06623298569122502
2024-04-09,GOOG,0.095554,0.095554,0.095554,1,0.06623298569122502
2024-04-10,GOOG,0.10604,0.10604,0.10604,1,0.0735013270265766
2024-04-18,AAPL,0.18419449999999998,0.31886,0.049529,2,0.20235834120507812
2024-04-19,AAPL,0.001,0.001,0.001,1,0.0006931471805599453
2024-04-20,AAPL,0.412925,0.412925,0.412925,1,0.2862177995327154
2024-04-21,GOOG,0.243107,0.243107,0.243107,1,0.1685089316243866
2024-04-23,GOOG,0.240502,0.240502,0.240502,1,0.16670328321902797
2024-04-24,AAPL,0.407638,0.407638,0.407638,1,0.28255313038909496
2024-04-25,GOOG,0.312799,0.312799,0.312799,1,0.2168157449319703
2024-04-26,GOOG,0.44829,0.44829,0.44829,1,0.3107309495732179
2024-04-29,AAPL,0.366478,0.366478,0.366478,1,0.25402319243724764
2024-04-29,GOOG,0.366478,0.366478,0.366478,1,0.25402319243724764
2024-04-30,AAPL,0.311437,0.311437,0.311437,1,0.2158716784720477
2024-04-30,GOOG,0.11565600000000001,0.178574,0.052738,2,0.1270611028581989
2024-05-01,GOOG,0.242134,0.242134,0.242134,1,0.1678344994177018
2024-05-02,GOOG,0.044736,0.044736,0.044736,1,0.031008632269529712
2024-05-03,AAPL,0.259416,0.259416,0.259416,1,0.17981346899213876
2024-05-05,GOOG,0.155182,0.155182,0.155182,1,0.10756396577365342
2024-05-06,GOOG,0.1828815,0.364763,0.001,2,0.20091586327005692
2024-05-07,AAPL,0.291051,0.291051,0.291051,1,0.20174118004915265
2024-05-08,AAPL,0.061657,0.061657,0.061657,1,0.04273737571178454
2024-05-09,AAPL,0.17692166666666664,0.330649,0.001,3,0.24526550885993287
2024-05-09,GOOG,0.228559,0.228559,0.228559,1,0.15842502644160053
2024-05-14,AAPL,0.454562,0.454562,0.454562,1,0.31507836868968986
2024-05-14,GOOG,0.44252,0.44252,0.44252,1,0.306731490341387
2024-05-15,AAPL,0.227154,0.446049,0.08685,4,0.3655902595610556
2024-05-15,GOOG,0.2437,0.2437,0.2437,1,0.16891996790245867
2024-05-16,AAPL,0.1659775,0.2085,0.123455,2,0.1823449211424112
2024-05-18,AAPL,0.165403,0.329806,0.001,2,0.18171376838257136
2024-05-20,AAPL,0.1220565,0.243113,0.001,2,0.13409277081181914
2024-05-21,AAPL,0.001,0.001,0.001,1,0.0006931471805599453
2024-05-21,GOOG,0.242576,0.242576,0.242576,1,0.1681408704715093
2024-05-23,AAPL,0.16373366666666667,0.416151,0.001,3,0.22698305882548378
2024-05-27,AAPL,0.001,0.001,0.001,1,0.0006931471805599453
2024-05-29,AAPL,0.236636,0.236636,0.236636,1,0.16402357621898322
2024-05-29,GOOG,0.2923515,0.348067,0.236636,2,0.3211809505105549
2024-06-01,AAPL,0.001,0.001,0.001,1,0.0006931471805599453
2024-06-04,AAPL,0.2412145,0.295602,0.186827,2,0.26500121390493375
2024-06-05,GOOG,0.001,0.001,0.001,1,0.0006931471805599453
2024-06-06,AAPL,0.192061,0.192061,0.192061,1,0.13312654064552365
2024-06-07,GOOG,0.387959,0.387959,0.387959,1,0.2689126870228558
2024-06-10,AAPL,0.18207,0.18207,0.18207,1,0.12620130716454925
2024-06-11,GOOG,0.16609,0.16609,0.16609,1,0.1151248152192013
2024-06-12,AAPL,0.052343,0.052343,0.052343,1,0.036281402872049215
2024-06-13,AAPL,0.201603,0.29879,0.104416,2,0.22148353323235695
2024-06-17,AAPL,0.34551750000000003,0.468721,0.274119,4,0.5560889639094493
2024-06-17,GOOG,0.353275,0.353275,0.353275,1,0.24487157021231468
2024-06-18,AAPL,0.2553262,0.35367,0.169772,5,0.4574831365920162
2024-06-18,GOOG,0.336585,0.336585,0.336585,1,0.2333029437687692
2024-06-19,AAPL,0.3794265,0.403247,0.355606,2,0.41684261554633056
2024-06-19,GOOG,0.355606,0.355606,0.355606,1,0.2464872962901999
2024-06-20,AAPL,0.3940355,0.39957,0.388501,2,0.43289224247148295
2024-06-23,AAPL,0.222889,0.222889,0.222889,1,0.15449488192782565
2024-06-24,AAPL,0.123149,0.245298,0.001,2,0.13529300473718905
2024-06-24,GOOG,0.001,0.001,0.001,1,0.0006931471805599453
2024-06-26,AAPL,0.344434,0.344434,0.344434,1,0.2387434559889842
2024-06-26,GOOG,0.001,0.001,0.001,1,0.0006931471805599453
2024-06-27,AAPL,0.248229,0.386705,0.043235,3,0.34411846296642934
2024-06-27,GOOG,0.218091,0.314747,0.121435,2,0.23959745264791674
2024-06-28,AAPL,0.055495,0.055495,0.055495,1,0.03846620278517417
2024-06-28,GOOG,0.055495,0.055495,0.055495,1,0.03846620278517417
2024-07-01,AAPL,0.220035,0.220035,0.220035,1,0.15251663987450756
2024-07-02,AAPL,0.04452,0.04452,0.04452,1,0.03085891247852876
2024-07-06,GOOG,0.383504,0.383504,0.383504,1,0.2658247163334613
2024-07-08,AAPL,0.19572933333333334,0.278085,0.134346,3,0.27133847110575543
2024-07-09,AAPL,0.29341675,0.401035,0.179359,4,0.4722360415931983
2024-07-10,AAPL,0.20669500000000002,0.233592,0.179798,2,0.22707766700625498
2024-07-10,GOOG,0.018465,0.03593,0.001,2,0.020285875910256646
2024-07-11,AAPL,0.275135,0.275135,0.275135,1,0.19070904952336057
2024-07-12,AAPL,0.182073,0.182073,0.182073,1,0.12620338660609093
2024-07-12,GOOG,0.268605,0.268605,0.268605,1,0.1861827984343041
2024-07-15,AAPL,0.1231615,0.151521,0.094802,2,0.1353067373907974
2024-07-16,AAPL,0.23854000000000003,0.27256,0.20452,2,0.26206297533889095
2024-07-19,AAPL,0.138102,0.138102,0.138102,1,0.09572501192968956
2024-07-22,GOOG,0.001,0.001,0.001,1,0.0006931471805599453
2024-07-23,AAPL,0.231315,0.231315,0.231315,1,0.16033534007122374
2024-07-23,GOOG,0.018849,0.036698,0.001,2,0.0207077430291052
2024-07-25,GOOG,0.452514,0.452514,0.452514,1,0.3136588032639031
2024-07-26,AAPL,0.2658565,0.34884,0.182873,2,0.29207321792229335
2024-07-30,AAPL,0.001,0.001,0.001,1,0.0006931471805599453
2024-07-30,GOOG,0.379692,0.379692,0.379692,1,0.26318243928116675
2024-07-31,AAPL,0.122923,0.122923,0.122923,1,0.08520373087597016
2024-08-02,GOOG,0.541245,0.541245,0.541245,1,0.37516244574216756
2024-08-03,GOOG,0.001,0.001,0.001,1,0.0006931471805599453
2024-08-06,AAPL,0.357334,0.357334,0.357334,1,0.24768505461820747
2024-08-07,GOOG,0.146363,0.146363,0.146363,1,0.10145110078829526
2024-08-09,AAPL,0.377428,0.377428,0.377428,1,0.261613154064379
2024-08-10,AAPL,0.001,0.001,0.001,1,0.0006931471805599453
2024-08-12,AAPL,0.367689,0.367689,0.367689,1,0.2548625936729057
2024-08-12,GOOG,0.019072000000000002,0.037144,0.001,2,0.02095273356947819
2024-08-13,AAPL,0.0793455,0.157691,0.001,2,0.0871699413505155
2024-08-15,AAPL,0.15502833333333332,0.360963,0.001,3,0.21491490431381474
2024-08-15,GOOG,0.450923,0.450923,0.450923,1,0.31255600609963224
2024-08-16,AAPL,0.001,0.001,0.001,1,0.0006931471805599453
2024-08-19,GOOG,0.30582,0.30582,0.30582,1,0.21197827075884246
2024-08-20,GOOG,0.210701,0.210701,0.210701,1,0.14604680409116103
2024-08-21,AAPL,0.2330875,0.27229,0.193885,2,0.25607279183492804
2024-08-22,GOOG,0.048735,0.048735,0.048735,1,0.03378052784458893
2024-08-24,AAPL,0.247672,0.247672,0.247672,1,0.17167314850364276
2024-08-24,GOOG,0.247672,0.247672,0.247672,1,0.17167314850364276
2024-08-26,AAPL,0.374884,0.374884,0.374884,1,0.25984978763703453
2024-08-26,GOOG,0.291712,0.291712,0.291712,1,0.20219935033550276
2024-08-27,AAPL,0.12233433333333332,0.183066,0.001,3,0.16959139647136104
2024-08-28,AAPL,0.290077,0.511436,0.047308,3,0.4021321093905745
2024-08-29,GOOG,0.346776,0.346776,0.346776,1,0.24036680668585556
2024-09-03,AAPL,0.18925033333333333,0.287764,0.001,3,0.26235666994005963
2024-09-04,AAPL,0.001,0.001,0.001,1,0.0006931471805599453
2024-09-04,GOOG,0.19375974999999998,0.374889,0.001,4,0.31184428755375315
2024-09-05,AAPL,0.31514,0.31514,0.31514,1,0.21843840248166113
2024-09-06,AAPL,0.30846,0.30846,0.30846,1,0.21380817931552074
2024-09-09,AAPL,0.14094525,0.307271,0.001,4,0.22684262892750237
2024-09-09,GOOG,0.108995,0.21699,0.001,2,0.11974324640338062
2024-09-10,AAPL,0.28401383333333335,0.412322,0.172655,6,0.5526654007554376
2024-09-11,AAPL,0.179387,0.321363,0.001,3,0.2486831865582138
2024-09-11,GOOG,0.12572533333333333,0.375176,0.001,3,0.17429232064991862
2024-09-12,AAPL,0.489651,0.489651,0.489651,1,0.33940021010835775
2024-09-13,AAPL,0.1981275,0.395255,0.001,2,0.21766530622309094
2024-09-16,AAPL,0.845835,0.845835,0.845835,1,0.5862881454689213
2024-09-16,GOOG,0.001,0.001,0.001,1,0.0006931471805599453
2024-09-19,AAPL,0.384407,0.384407,0.384407,1,0.26645062823750687
2024-09-20,AAPL,0.27749599999999996,0.424793,0.130199,2,0.3048605156562458
2024-09-21,AAPL,0.215089,0.215089,0.215089,1,0.14908833391945808
2024-09-23,AAPL,0.2693875,0.357413,0.181362,2,0.2959524179135804
2024-09-24,AAPL,0.18382625,0.28391,0.001,4,0.29585693605058905
2024-09-24,GOOG,0.20118,0.20118,0.20118,1,0.1394473497850498
2024-09-25,GOOG,0.327028,0.345194,0.308862,2,0.3592769795385546
2024-09-26,AAPL,0.3157445,0.333152,0.298337,2,0.346880787779368
2024-09-26,GOOG,0.20924533333333337,0.367059,0.001,3,0.29007562569065193
2024-09-27,AAPL,0.1391,0.1391,0.1391,1,0.0964167728158884
2024-09-27,GOOG,0.581042,0.581042,0.581042,1,0.40274762408691167
2024-09-30,AAPL,0.2025153333333333,0.330713,0.001,3,0.280745864640315
2024-09-30,GOOG,0.327873,0.327873,0.327873,1,0.22726424553173097
2024-10-01,AAPL,0.27363950000000004,0.477708,0.069571,2,0.30062371736499727
2024-10-01,GOOG,0.228128,0.455256,0.001,2,0.25062422418927854
2024-10-03,AAPL,0.001,0.001,0.001,2,0.0010986122886681097
2024-10-03,GOOG,0.337607,0.337607,0.337607,1,0.23401134018730144
2024-10-07,AAPL,0.001,0.001,0.001,2,0.0010986122886681097
2024-10-07,GOOG,0.2745795,0.319058,0.230101,2,0.3016564129163452
2024-10-08,GOOG,0.434939,0.434939,0.434939,1,0.30147674156556203
2024-10-09,AAPL,0.16405450000000002,0.290702,0.037407,2,0.18023228971130245
2024-10-09,GOOG,0.347314,0.347314,0.347314,1,0.24073971986899684
2024-10-10,AAPL,0.2233065,0.445613,0.001,2,0.24532726503946525
2024-10-10,GOOG,0.034065,0.034065,0.034065,1,0.023612058705774534
2024-10-11,AAPL,0.133505,0.26601,0.001,2,0.146670233598636
2024-10-14,AAPL,0.166448,0.166448,0.166448,1,0.11537296190984178
2024-10-14,GOOG,0.001,0.001,0.001,1,0.0006931471805599453
2024-10-15,AAPL,0.21036366666666664,0.327046,0.075918,3,0.29162596488450426
2024-10-16,AAPL,0.21221,0.21221,0.21221,1,0.147092763186626
2024-10-16,GOOG,0.300989,0.300989,0.300989,1,0.20862967672955737
2024-10-17,AAPL,0.19320199999999998,0.316437,0.001,3,0.26783484315708506
2024-10-18,AAPL,0.001,0.001,0.001,1,0.0006931471805599453
2024-10-21,AAPL,0.330107,0.330107,0.330107,1,0.22881273633310184
2024-10-22,AAPL,0.011066666666666667,0.0312,0.001,3,0.015341657596393457
2024-10-22,GOOG,0.13984966666666668,0.417549,0.001,3,0.19387280430449633
2024-10-23,AAPL,0.001,0.001,0.001,1,0.0006931471805599453
2024-10-23,GOOG,0.2546665,0.310323,0.19901,2,0.2797797464120972
2024-10-24,AAPL,0.20242,0.20242,0.20242,1,0.14030685228894413
2024-10-24,GOOG,0.475787,0.475787,0.475787,1,0.3297904175970747
2024-10-25,AAPL,0.41676866666666673,0.733631,0.121243,3,0.5777640524914553
2024-10-25,GOOG,0.3742805,0.484218,0.264343,2,0.4111891567088445
2024-10-26,AAPL,0.392298,0.392298,0.392298,1,0.2719202526393054
2024-10-28,AAPL,0.24168733333333334,0.452483,0.001,3,0.33504978735410335
2024-10-28,GOOG,0.319351,0.36015,0.25303,3,0.44271449051799816
2024-10-29,AAPL,0.36007639999999996,0.482974,0.276319,5,0.6451702993455487
2024-10-30,AAPL,0.328948,0.347483,0.310413,2,0.3613863151327974
2024-10-30,GOOG,0.3354075,0.341386,0.329429,2,0.36848280121144905
2024-10-31,AAPL,0.12207433333333333,0.227623,0.001,3,0.1692309599374699
2024-11-01,AAPL,0.212414,0.635242,0.001,3,0.2944683304229204
2024-11-04,GOOG,0.123736,0.123736,0.123736,1,0.08576725953376539
2024-11-05,AAPL,0.2448426,0.454704,0.135032,5,0.43869904702041695
2024-11-05,GOOG,0.427121,0.427121,0.427121,1,0.29605771690794436
2024-11-06,AAPL,0.194902,0.273657,0.116147,2,0.21412173228599193
2024-11-06,GOOG,0.22679800000000003,0.297885,0.115233,3,0.314408788513269
2024-11-07,AAPL,0.170393,0.170393,0.170393,1,0.11810742753715076
2024-11-08,AAPL,0.717222,0.717222,0.717222,1,0.4971404071355651
2024-11-12,AAPL,0.18714999999999998,0.331244,0.040436,4,0.30120630531204184
2024-11-14,AAPL,0.051994,0.102988,0.001,2,0.0571212473370097
2024-11-14,GOOG,0.046108,0.046108,0.046108,1,0.03195963020125796
2024-11-15,AAPL,0.172961,0.339405,0.077847,3,0.23977485899365739
2024-11-15,GOOG,0.23612419999999998,0.353946,0.03558,5,0.42307777126389906
2024-11-16,AAPL,0.511305,0.511305,0.511305,1,0.35440961915620284
2024-11-17,GOOG,0.523988,0.523988,0.523988,1,0.3632008048472446
2024-11-18,AAPL,0.0433315,0.085663,0.001,2,0.0476045183864222
2024-11-19,AAPL,0.3088961666666667,0.51978,0.001,6,0.6010841857209482
2024-11-20,AAPL,0.323708,0.323708,0.323708,1,0.22437728752469877
2024-11-21,AAPL,0.2049415,0.287437,0.122446,2,0.22515125035807543
2024-11-22,GOOG,0.08387966666666667,0.249639,0.001,3,0.11628190891261606
2024-11-23,AAPL,0.079879,0.079879,0.079879,1,0.055367903635947874
2024-11-25,AAPL,0.133154,0.133154,0.133154,1,0.09229531968027894
2024-11-25,GOOG,0.165353,0.165353,0.165353,1,0.11461396574712863
2024-11-26,AAPL,0.260531,0.260531,0.260531,1,0.18058632809846312
2024-11-27,GOOG,0.25746,0.25746,0.25746,1,0.17845767310696353
2024-11-28,AAPL,0.330306,0.330306,0.330306,1,0.22895067262203328
2024-11-28,GOOG,0.129571,0.129571,0.129571,1,0.08981177333233266
2024-11-30,AAPL,0.117615,0.117615,0.117615,1,0.08152450564155796
2024-12-01,GOOG,0.267457,0.267457,0.267457,1,0.1853870654710213
2024-12-04,AAPL,0.21671566666666664,0.407125,0.001,3,0.3004317066663378
2024-12-05,GOOG,0.336635,0.336635,0.336635,1,0.2333376011277972
2024-12-06,AAPL,0.027391,0.046189,0.001,3,0.03797198884543492
2024-12-09,AAPL,0.27312349999999996,0.343385,0.202862,2,0.30005683342404443
2024-12-09,GOOG,0.10010000000000001,0.207617,0.001,3,0.13876806554810106
2024-12-10,GOOG,0.3631105,0.391358,0.334863,2,0.3989176574444217
2024-12-11,AAPL,0.1861835,0.422965,0.001,4,0.29965078356967434
2024-12-11,GOOG,0.345445,0.345445,0.345445,1,0.2394442277885303
2024-12-12,AAPL,0.340973,0.340973,0.340973,1,0.23634447359706623
2024-12-13,AAPL,0.307707,0.384957,0.230457,2,0.3380506915091981
2024-12-13,GOOG,0.001,0.001,0.001,1,0.0006931471805599453
2024-12-14,AAPL,0.050831,0.050831,0.050831,1,0.03523336433504258
2024-12-16,AAPL,0.2013615,0.234801,0.167922,2,0.2212182183646436
2024-12-16,GOOG,0.030568,0.030568,0.030568,1,0.021188123015356407
2024-12-17,AAPL,0.048566,0.048566,0.048566,1,0.0336633859710743
2024-12-17,GOOG,0.381503,0.381503,0.381503,1,0.2644377288251608
2024-12-18,AAPL,0.263203,0.263203,0.263203,1,0.18243841736491928
2024-12-18,GOOG,0.3489325,0.410066,0.287799,2,0.3833415324156852
2024-12-19,AAPL,0.183628,0.183628,0.183628,1,0.12728123047186166
2024-12-20,AAPL,0.3304255,0.413527,0.247324,2,0.3630095147893045
2024-12-20,GOOG,0.214597,0.214597,0.214597,1,0.14874730550662257
2024-12-23,AAPL,0.351833,0.421715,0.281951,2,0.38652805735896706
2024-12-27,AAPL,0.001,0.001,0.001,1,0.0006931471805599453
2024-12-27,GOOG,0.001,0.001,0.001,1,0.0006931471805599453
2024-12-29,AAPL,0.214232,0.214232,0.214232,1,0.1484943067857182
2024-12-30,AAPL,0.1611435,0.222236,0.100051,2,0.17703422933898955
2024-12-31,AAPL,0.2189209142857143,0.609444,0.001,35,0.784507242366984
2024-12-31,GOOG,0.273185,0.416829,0.001,11,0.6788392231223349
2025-01-06,AAPL,0.109033,0.109033,0.109033,1,0.07557591653799252
2025-01-06,GOOG,0.335506,0.335506,0.335506,1,0.232555037960945
2025-01-07,AAPL,0.241688,0.241688,0.241688,1,0.16752535577517205
2025-01-08,AAPL,0.315409,0.327051,0.303767,2,0.34651220335651983
2025-01-10,AAPL,0.001,0.001,0.001,1,0.0006931471805599453
2025-01-10,GOOG,0.001,0.001,0.001,1,0.0006931471805599453
2025-01-13,GOOG,0.338604,0.338604,0.338604,1,0.23470240792631972
2025-01-15,AAPL,0.001,0.001,0.001,1,0.0006931471805599453
2025-01-22,AAPL,0.421174,0.421174,0.421174,1,0.2919355706251544
2025-01-23,AAPL,0.034785,0.034785,0.034785,1,0.0241111246757777
2025-01-27,GOOG,0.170208,0.339416,0.001,2,0.18699260042962162
2025-01-29,AAPL,0.001,0.001,0.001,1,0.0006931471805599453
2025-01-29,GOOG,0.282765,0.282765,0.282765,1,0.19599776251103293
2025-01-30,GOOG,0.001,0.001,0.001,1,0.0006931471805599453
2025-01-31,AAPL,0.377761,0.377761,0.377761,1,0.2618439720755055
2025-02-02,AAPL,0.240178,0.240178,0.240178,1,0.16647870353252653
2025-02-04,AAPL,0.32808,0.32808,0.32808,1,0.22740772699810682
2025-02-05,AAPL,0.236461,0.251641,0.221281,2,0.25977896039074994
2025-02-06,AAPL,0.188453,0.188453,0.188453,1,0.13062566561806338
2025-02-07,AAPL,0.175494,0.30657,0.044418,2,0.19279986498752127
2025-02-14,AAPL,0.13667,0.13667,0.13667,1,0.09473242516712774
2025-02-19,AAPL,0.136794,0.272588,0.001,2,0.1502835694160654
2025-02-24,AAPL,0.074872,0.074872,0.074872,1,0.05189731570288422
2025-02-28,GOOG,0.080131,0.080131,0.080131,1,0.055542576725448975
2025-03-03,GOOG,0.133735,0.133735,0.133735,1,0.09269803819218428
2025-03-09,GOOG,0.476731,0.476731,0.476731,1,0.3304447485355233
2025-03-10,AAPL,0.06294,0.06294,0.06294,1,0.043626683544442955
2025-03-10,GOOG,0.06294,0.06294,0.06294,1,0.043626683544442955
2025-03-12,AAPL,0.287501,0.287501,0.287501,1,0.19928050755816484
2025-03-13,GOOG,0.001,0.001,0.001,1,0.0006931471805599453
2025-03-14,AAPL,0.085164,0.169328,0.001,2,0.0935622169521309
2025-03-17,AAPL,0.001,0.001,0.001,1,0.0006931471805599453
2025-03-18,GOOG,0.5293065,0.653014,0.405599,2,0.5815026253719069
2025-03-19,GOOG,0.2116025,0.218121,0.205084,2,0.2324691068128937
2025-03-21,AAPL,0.302991,0.380954,0.148684,3,0.42003471477007676
2025-03-21,GOOG,0.319051,0.319051,0.319051,1,0.22114930110483108
2025-03-24,AAPL,0.217001,0.217001,0.217001,1,0.15041363132868868
2025-03-24,GOOG,0.030042,0.030042,0.030042,1,0.020823527598381877
2025-03-25,AAPL,0.327964,0.327964,0.327964,1,0.2273273219251619
2025-03-28,GOOG,0.001,0.001,0.001,1,0.0006931471805599453
2025-04-01,GOOG,0.1776855,0.306184,0.049187,2,0.1952074738181374
2025-04-02,GOOG,0.001,0.001,0.001,1,0.0006931471805599453
2025-04-03,AAPL,0.1115865,0.145049,0.078124,2,0.12259030014946404
2025-04-04,AAPL,0.09968250000000001,0.198365,0.001,2,0.10951241946515886
2025-04-04,GOOG,0.001,0.001,0.001,1,0.0006931471805599453
2025-04-07,AAPL,0.259535,0.259535,0.259535,1,0.1798959535066254
2025-04-07,GOOG,0.3371985,0.418072,0.256325,2,0.3704504158204536
2025-04-08,GOOG,0.109978,0.109978,0.109978,1,0.07623094062362167
2025-04-09,AAPL,0.001,0.001,0.001,1,0.0006931471805599453
2025-04-09,GOOG,0.373826,0.373826,0.373826,1,0.2591164379200021
2025-04-14,GOOG,0.048924,0.048924,0.048924,1,0.03391153266171477
2025-04-15,GOOG,0.349071,0.349071,0.349071,1,0.24195757946524069
2025-04-16,GOOG,0.001,0.001,0.001,1,0.0006931471805599453
2025-04-17,GOOG,0.252381,0.252381,0.252381,1,0.17493717857689955
2025-04-21,GOOG,0.299176,0.299176,0.299176,1,0.2073730008912022
2025-04-23,GOOG,0.4258895,0.436308,0.415471,2,0.4678874383147169
2025-04-25,AAPL,0.129651,0.129651,0.129651,1,0.08986722510677746
2025-04-25,GOOG,0.317801,0.317801,0.317801,1,0.22028286712913117
2025-04-28,AAPL,0.21708,0.21708,0.21708,1,0.1504683899559529
2025-04-29,AAPL,0.001,0.001,0.001,1,0.0006931471805599453
2025-04-29,GOOG,0.329466,0.329466,0.329466,1,0.22836842899036291
2025-04-30,AAPL,0.001,0.001,0.001,1,0.0006931471805599453
2025-05-01,GOOG,0.314925,0.314925,0.314925,1,0.21828937583784078
2025-05-03,AAPL,0.25694799999999995,0.355131,0.158765,2,0.28228623034869343
2025-05-06,AAPL,0.354977,0.354977,0.354977,1,0.24605130671362768
2025-05-07,AAPL,0.001,0.001,0.001,1,0.0006931471805599453
2025-05-07,GOOG,0.001,0.001,0.001,1,0.0006931471805599453
2025-05-08,AAPL,0.097352,0.097352,0.097352,1,0.06747926432187179
2025-05-08,GOOG,0.097352,0.097352,0.097352,1,0.06747926432187179
2025-05-11,GOOG,0.438735,0.438735,0.438735,1,0.30410792826296756
2025-05-14,AAPL,0.552064,0.552064,0.552064,1,0.3826616050886456
2025-05-16,AAPL,0.27503,0.27503,0.27503,1,0.19063626906940176
2025-05-18,GOOG,0.101,0.101,0.101,1,0.07000786523655447
2025-05-20,AAPL,0.001,0.001,0.001,1,0.0006931471805599453
2025-05-21,GOOG,0.04441,0.04441,0.04441,1,0.03078266628866717
2025-05-22,AAPL,0.371287,0.371287,0.371287,1,0.2573565372285604
2025-05-22,GOOG,0.040072,0.040072,0.040072,1,0.02777579381939813
2025-05-26,AAPL,0.18764,0.18764,0.18764,1,0.13006213696026814
2025-05-27,GOOG,0.046363,0.046363,0.046363,1,0.032136382732300746
2025-05-28,AAPL,0.173712,0.173712,0.173712,1,0.12040798302942922
2025-05-30,AAPL,0.378545,0.470221,0.286869,2,0.4158741888138696
2025-06-01,GOOG,0.259761,0.259761,0.259761,1,0.18005260476943197
2025-06-02,GOOG,0.151652,0.190103,0.113201,2,0.1666067508010962
2025-06-03,AAPL,0.224677,0.290606,0.158748,2,0.24683291318108488
2025-06-04,AAPL,0.273669,0.370838,0.1765,2,0.30065612642751294
2025-06-04,GOOG,0.001,0.001,0.001,1,0.0006931471805599453
2025-06-05,GOOG,0.219805,0.219805,0.219805,1,0.15235721602297878
2025-06-06,AAPL,0.26686633333333337,0.355766,0.150671,3,0.36995529307274116
2025-06-10,AAPL,0.202124,0.202124,0.202124,1,0.14010168072349838
2025-06-10,GOOG,0.32353849999999995,0.359073,0.288004,2,0.3554433719572472
2025-06-11,AAPL,0.137491,0.261866,0.071452,3,0.19060299800473487
2025-06-11,GOOG,0.056228,0.056228,0.056228,1,0.038974279668524604
2025-06-13,GOOG,0.217645,0.217645,0.217645,1,0.15086001811296929
2025-06-17,AAPL,0.321292,0.321292,0.321292,1,0.22270264393646597
2025-06-18,AAPL,0.320202,0.377589,0.21813,4,0.5153452384372238
2025-06-18,GOOG,0.136212,0.21813,0.054294,2,0.14964417706406058
2025-06-19,GOOG,0.001,0.001,0.001,1,0.0006931471805599453
2025-06-20,AAPL,0.152465,0.30393,0.001,2,0.16749992259178334
2025-06-20,GOOG,0.001,0.001,0.001,1,0.0006931471805599453
2025-06-23,AAPL,0.365314,0.365314,0.365314,1,0.25321636911907586
2025-06-25,AAPL,0.308937,0.308937,0.308937,1,0.21413881052064782
2025-06-26,AAPL,0.357447,0.357447,0.357447,1,0.24776338024961078
2025-06-26,GOOG,0.243787,0.243787,0.243787,1,0.1689802717071674
2025-06-27,AAPL,0.207097,0.207097,0.207097,1,0.14354870165242298
2025-06-28,GOOG,0.032426,0.032426,0.032426,1,0.022475990476836787
2025-07-01,AAPL,0.24579600000000001,0.42153,0.070062,2,0.27003450610546675
2025-07-01,GOOG,0.070062,0.070062,0.070062,1,0.048563277764390886
2025-07-02,AAPL,0.15866233333333332,0.19635,0.105039,3,0.21995269802212444
2025-07-03,AAPL,0.362708,0.362708,0.362708,1,0.25141002756653663
2025-07-04,GOOG,0.313391,0.313391,0.313391,1,0.21722608806286178
2025-07-07,AAPL,0.292657,0.292657,0.292657,1,0.2028543744211319
2025-07-08,AAPL,0.3727605,0.437562,0.307959,2,0.40951926603006894
2025-07-08,GOOG,0.254631,0.307959,0.201303,2,0.27974074567584944
2025-07-09,AAPL,0.433296625,0.760231,0.217505,8,0.9520499937268354
2025-07-10,AAPL,0.37759633333333326,0.70812,0.194275,3,0.5234596676795464
2025-07-11,AAPL,0.113783,0.226566,0.001,2,0.12500340204152352
2025-07-11,GOOG,0.226566,0.226566,0.226566,1,0.15704358411074457
2025-07-14,AAPL,0.001,0.001,0.001,1,0.0006931471805599453
2025-07-14,GOOG,0.296929,0.296929,0.296929,1,0.20581549917648398
2025-07-16,AAPL,0.001,0.001,0.001,1,0.0006931471805599453
2025-07-16,GOOG,0.001,0.001,0.001,1,0.0006931471805599453
2025-07-17,AAPL,0.29492549999999995,0.304297,0.285554,2,0.32400877854158655
2025-07-18,AAPL,0.001,0.001,0.001,1,0.0006931471805599453
2025-07-21,AAPL,0.238165,0.238165,0.238165,1,0.16508339825805937
2025-07-22,AAPL,0.001,0.001,0.001,1,0.0006931471805599453
2025-07-22,GOOG,0.001,0.001,0.001,1,0.0006931471805599453
2025-07-24,GOOG,0.209686,0.209686,0.209686,1,0.1453432597028927
2025-07-25,GOOG,0.12088633333333333,0.227223,0.001,3,0.16758404223645945
2025-07-28,AAPL,0.051068,0.051068,0.051068,1,0.03539764021683529
2025-07-29,AAPL,0.228465,0.228465,0.228465,1,0.1583598706066279
2025-07-29,GOOG,0.039533,0.078066,0.001,2,0.04343143960791638
2025-07-31,AAPL,0.26371449999999996,0.329402,0.198027,2,0.2897199903999662
2025-07-31,GOOG,0.097148,0.097148,0.097148,1,0.06733786229703756
2025-08-02,AAPL,0.100134,0.100134,0.100134,1,0.06940759977818957
2025-08-05,AAPL,0.30420166666666665,0.361834,0.195277,3,0.42171305514327256
2025-08-05,GOOG,0.387151,0.441155,0.34488,3,0.5367052482019268
2025-08-06,AAPL,0.3810896666666667,0.470402,0.306619,3,0.5283024559810587
2025-08-06,GOOG,0.471299,0.471299,0.471299,1,0.32667957305072165
2025-08-07,AAPL,0.10393250000000001,0.161422,0.046443,2,0.11418152169199833
2025-08-07,GOOG,0.288524,0.288524,0.288524,1,0.19998959712387765
2025-08-08,AAPL,0.36478,0.36478,0.36478,1,0.2528462285246568
2025-08-08,GOOG,0.3352485,0.36478,0.305717,2,0.3683081218575508
2025-08-11,AAPL,0.1798865,0.224411,0.135362,2,0.19762551946549595
2025-08-12,AAPL,0.289028,0.538791,0.039265,2,0.31752971256916646
2025-08-12,GOOG,0.201072,0.366847,0.035297,2,0.22090017010707416
2025-08-13,AAPL,0.353447,0.353447,0.353447,1,0.244990791527371
2025-08-13,GOOG,0.27737633333333334,0.36148,0.126431,3,0.3845252468081111
2025-08-14,AAPL,0.1353395,0.269679,0.001,2,0.14868563784219765
2025-08-14,GOOG,0.189424,0.189424,0.189424,1,0.13129871153038708
2025-08-15,AAPL,0.163229,0.325458,0.001,2,0.1793253852670069
2025-08-16,AAPL,0.232325,0.232325,0.232325,1,0.16103541872358929
2025-08-17,AAPL,0.2276055,0.261088,0.194123,2,0.25005019926844946
2025-08-19,GOOG,0.40257,0.40257,0.40257,1,0.27904026047801717
2025-08-20,AAPL,0.2751675,0.368138,0.182197,2,0.3023023969420821
2025-08-21,AAPL,0.335738,0.335738,0.335738,1,0.2327158481068349
2025-08-22,AAPL,0.22427450000000002,0.255854,0.192695,2,0.246390721734896
2025-08-22,GOOG,0.370765,0.370765,0.370765,1,0.25699471440030813
2025-08-25,AAPL,0.1106735,0.220347,0.001,2,0.12158726712991004
2025-08-25,GOOG,0.2500325,0.499065,0.001,2,0.27468877706640915
2025-08-26,GOOG,0.103198,0.103198,0.103198,1,0.07153140273942524
2025-08-31,AAPL,0.23997649999999998,0.246517,0.233436,2,0.26364113189156263
2025-09-02,AAPL,0.21669700000000003,0.356181,0.077213,2,0.23806598711751342
2025-09-02,GOOG,0.1817236666666667,0.356181,0.077213,3,0.2519224943820307
2025-09-03,AAPL,0.295795,0.462391,0.091812,3,0.410058940547458
2025-09-03,GOOG,0.27613325,0.462391,0.045191,4,0.44441932143364354
2025-09-04,AAPL,0.18980833333333336,0.381558,0.001,3,0.2631302221935646
2025-09-04,GOOG,0.29643149999999996,0.41134,0.181523,2,0.3256632886483207
2025-09-05,AAPL,0.305451,0.305451,0.305451,1,0.21172249944921584
2025-09-05,GOOG,0.084555,0.084555,0.084555,1,0.058609059852246174
2025-09-08,GOOG,0.35521400000000003,0.376383,0.334045,2,0.39024246550695396
2025-09-09,AAPL,0.410918,0.410918,0.410918,1,0.2848266531413316
2025-09-09,GOOG,0.215116,0.215116,0.215116,1,0.1491070488933332
2025-09-10,GOOG,0.334346,0.334346,0.334346,1,0.23175098723149545
2025-09-11,AAPL,0.661337,0.661337,0.661337,1,0.4584038769499725
2025-09-11,GOOG,0.23777733333333337,0.293395,0.177437,3,0.32962937640212464
2025-09-12,AAPL,0.553653,0.553653,0.553653,1,0.38376301595855533
2025-09-15,AAPL,0.3811025,0.390581,0.371624,2,0.4186838897421383
2025-09-15,GOOG,0.3707625,0.371624,0.369901,2,0.40732423867731005
2025-09-16,AAPL,0.417944,0.417944,0.417944,1,0.28969670523194574
2025-09-16,GOOG,0.240383,0.340806,0.13996,2,0.26408771778690626
2025-09-17,GOOG,0.091142,0.229915,0.001,3,0.12634964066118906
2025-09-19,AAPL,0.174247,0.347494,0.001,2,0.19142989546355213
2025-09-19,GOOG,0.591378,0.591378,0.591378,1,0.4099119933451793
2025-09-22,AAPL,0.244804,0.244804,0.244804,1,0.16968520238979684
2025-09-23,GOOG,0.001,0.001,0.001,1,0.0006931471805599453
2025-09-24,AAPL,0.314307,0.323571,0.305043,2,0.3453015326144076
2025-09-25,AAPL,0.049386,0.049386,0.049386,1,0.03423176665913346
2025-09-25,GOOG,0.501638,0.549304,0.453972,2,0.5511056712628933
2025-09-26,AAPL,0.22624224999999998,0.33076,0.115486,4,0.3641228545443938
2025-09-29,AAPL,0.179292,0.350666,0.069125,3,0.24855148859390744
2025-09-29,GOOG,0.245647,0.245647,0.245647,1,0.1702695254630089
2025-09-30,GOOG,0.5634999290030211,0.925455,0.030301,662,3.660932245718337
2025-10-02,AAPL,0.264458,0.411552,0.001,3,0.3666166341530441
2025-10-03,AAPL,0.27494368421052634,0.428424,0.001,19,0.8236576681993105
2025-10-03,GOOG,0.2755295882352941,0.379295,0.146655,17,0.7963829403000534
2025-10-05,AAPL,0.38592899999999997,0.467699,0.304159,2,0.4239863419533949
2025-10-06,AAPL,0.5467825,0.552465,0.5411,2,0.6007019737286707
2025-10-07,AAPL,0.0780815,0.155163,0.001,2,0.08578129541763901
2025-10-07,GOOG,0.057962,0.114924,0.001,2,0.06367776547578098
2025-10-08,AAPL,0.314376,0.374536,0.283376,3,0.4358176760714267
2025-10-08,GOOG,0.289743,0.346976,0.23251,2,0.3183152203555641
2025-10-09,AAPL,0.12190733333333333,0.19002,0.001,3,0.16899944877916287
2025-10-10,AAPL,0.225931,0.225931,0.225931,1,0.156603435651089
2025-10-10,GOOG,0.568644,0.568644,0.568644,1,0.39415398534232954
2025-10-11,AAPL,0.1643058,0.452694,0.001,5,0.29439647299909094
2025-10-11,GOOG,0.122977,0.244954,0.001,2,0.13510404342353813
2025-10-12,AAPL,0.21810127118644068,0.706331,0.001,59,0.892981753695931
2025-10-12,GOOG,0.12652144444444444,0.361851,0.001,18,0.37253467272266344
2025-10-13,AAPL,0.20887708653846154,0.569138,0.001,208,1.115891213865041
2025-10-13,GOOG,0.21815934042553192,0.610416,0.001,94,0.9934707790506455
2025-10-14,AAPL,0.26394543157894734,0.749823,0.001,190,1.386313576736405
2025-10-14,GOOG,0.25339493670886076,0.862152,0.001,158,1.284434659504874
2025-10-15,AAPL,0.2769965653495441,0.851171,0.001,329,1.6063287474293362
2025-10-15,GOOG,0.23812724576271188,0.565652,0.001,118,1.1380395145745192
2025-10-16,AAPL,0.22802896782841822,0.745745,0.001,373,1.3509019346359585
2025-10-16,GOOG,0.2165060390625,0.609819,0.001,128,1.05217873425515
2025-10-17,AAPL,0.23898054981549816,0.792862,0.001,271,1.339677659960273
2025-10-17,GOOG,0.20100753409090907,0.584305,0.001,88,0.9022497281106274
2025-10-18,AAPL,0.24395560606060607,0.873973,0.001,99,1.123457083734959
2025-10-18,GOOG,0.1764217142857143,0.360439,0.001,28,0.5940641028333509
2025-10-19,AAPL,0.23049086086956522,0.836605,0.001,115,1.095659095369227
2025-10-19,GOOG,0.2589835555555556,0.474826,0.001,36,0.9351683598358462
2025-10-20,AAPL,0.22004758823529413,0.540664,0.001,17,0.6360193344284585
2025-10-20,GOOG,0.180166625,0.320344,0.001,8,0.3958665364657182
2025-10-21,AAPL,0.220022125,0.516989,0.001,8,0.4834380206077419
2025-10-21,GOOG,0.021727365853658538,0.423064,0.001,41,0.081209715236547
2025-10-22,AAPL,0.20671905000000002,0.419271,0.001,20,0.6293607860298702
2025-10-22,GOOG,0.22015244444444443,0.450335,0.001,9,0.5069197367639776
2025-10-23,AAPL,0.16557626666666667,0.339073,0.001,15,0.4590748896305666
2025-10-23,GOOG,0.1894785714285714,0.431685,0.001,7,0.3940096126867214
2025-10-24,AAPL,0.22903700000000002,0.32821,0.136247,3,0.3175127015878164
2025-10-24,GOOG,0.1466315,0.180112,0.113151,2,0.16109116780583793
2025-10-25,AAPL,0.283109,0.352124,0.214094,2,0.3110270264325399
2025-10-25,GOOG,0.321811,0.446118,0.113847,6,0.6262152909776394
2025-10-26,GOOG,0.22371950000000002,0.294123,0.1294,4,0.3600626450508007
2025-10-27,AAPL,0.2573821111111111,0.533482,0.098064,9,0.5926442122477816
2025-10-27,GOOG,0.18407575,0.319934,0.05546,4,0.29625849080974137
2025-10-28,AAPL,0.12500644444444442,0.409717,0.001,9,0.28783797550596607
2025-10-28,GOOG,0.2745744,0.435554,0.001,10,0.6584006557914489
2025-10-29,AAPL,0.2045814,0.298546,0.123399,5,0.3665606606779324
2025-10-29,GOOG,0.23489572727272726,0.376815,0.110966,11,0.5836939547067885
2025-10-30,AAPL,0.1998899,0.525809,0.001,10,0.47931504629013905
2025-10-30,GOOG,0.2628748,0.526069,0.010976,15,0.7288437058410381
2025-10-31,AAPL,0.21003208333333334,0.44204,0.001,12,0.5387216571921413
2025-10-31,GOOG,0.1768145,0.417737,0.001,10,0.42398265371220756
2025-11-01,AAPL,0.392975,0.665392,0.180975,3,0.544779026561089
2025-11-01,GOOG,0.13286666666666666,0.343557,0.001,6,0.2585465951378159
2025-11-02,AAPL,0.22408612820512822,0.748635,0.001,39,0.826626714287839
2025-11-02,GOOG,0.3242047727272727,0.796694,0.001,176,1.6781324476514317
2025-11-03,AAPL,0.22814746666666666,0.696877,0.001,15,0.6325590930875764
2025-11-03,GOOG,0.23198778571428572,0.49418,0.001,28,0.78117150344351
2025-11-04,AAPL,0.1664678,0.390013,0.001,25,0.5423681628720525
2025-11-04,GOOG,0.19388656756756759,0.356414,0.001,148,0.9701979735521745
2025-11-05,AAPL,0.231651,0.404179,0.044413,11,0.5756311103300401
2025-11-05,GOOG,0.17970299999999997,0.409039,0.001,22,0.5634577170851159
2025-11-06,AAPL,0.19410786363636365,0.545335,0.001,22,0.6086240836981823
2025-11-06,GOOG,0.27088575000000004,0.545335,0.037029,20,0.8247177439345379
2025-11-07,AAPL,0.1646995,0.484625,0.001,12,0.4224458766992364
2025-11-07,GOOG,0.18504036363636364,0.392625,0.001,22,0.5801929898952447
2025-11-08,AAPL,0.2514010666666667,0.734045,0.001,15,0.6970317621990514
2025-11-08,GOOG,0.2033808888888889,0.447837,0.001,9,0.46830180295543394
2025-11-09,AAPL,0.23596977777777775,0.460663,0.001,9,0.5433404927082287
2025-11-09,GOOG,0.2755636,0.304872,0.247735,5,0.4937436896745721
2025-11-10,AAPL,0.24233585,0.440406,0.001,20,0.7377969327897778
2025-11-10,GOOG,0.20547400000000002,0.306115,0.032477,6,0.39983394196699146
2025-11-11,AAPL,0.22360395454545454,0.474648,0.001,22,0.7011089061361572
2025-11-11,GOOG,0.202171,0.368358,0.001,12,0.5185583765473564
2025-11-12,AAPL,0.282356,0.298492,0.267339,3,0.3914285306283678
2025-11-12,GOOG,0.22733319999999999,0.331183,0.001,5,0.40732641376991524
2025-11-13,AAPL,0.2457225,0.29942,0.184319,4,0.3954751074380882
2025-11-13,GOOG,0.06015466666666666,0.098587,0.001,3,0.08339207519504664
2025-11-14,AAPL,0.18547025,0.449233,0.001,20,0.5646683376551727
2025-11-14,GOOG,0.189534625,0.449466,0.001,8,0.4164501363062039
2025-11-15,AAPL,0.1617434,0.297184,0.001,5,0.289805268535141
2025-11-15,GOOG,0.24335166666666666,0.403483,0.001,6,0.4735404779561922
2025-11-16,AAPL,0.0989941724137931,0.300709,0.001,29,0.33669872001360507
2025-11-16,GOOG,0.20013833333333333,0.499359,0.001,18,0.5892951098920728
2025-11-17,AAPL,0.13571792307692307,0.339173,0.001,39,0.5006470579934772
2025-11-17,GOOG,0.23716642424242423,0.842,0.001,33,0.8363343162128543
2025-11-18,AAPL,0.21683531818181817,0.418842,0.001,22,0.6798858859682476
2025-11-18,GOOG,0.1749445,0.444759,0.001,20,0.5326224556063054
2025-11-19,AAPL,0.14033121739130436,0.523925,0.001,23,0.44598016294782505
2025-11-19,GOOG,0.2590782857142857,0.867394,0.001,21,0.8008219798861524
2025-11-20,AAPL,0.17101950000000002,0.478482,0.001,26,0.5636523729056274
2025-11-20,GOOG,0.20420147619047618,0.764111,0.001,21,0.6311954319431993
2025-11-21,AAPL,0.21543803333333333,0.623573,0.001,30,0.7398114498261111
2025-11-21,GOOG,0.20428468181818182,0.509337,0.001,22,0.6405334382438358
2025-11-22,AAPL,0.20619908333333334,0.423255,0.001,12,0.5288902063049912
2025-11-22,GOOG,0.21697215384615381,0.342467,0.001,13,0.5726019529301017
2025-11-23,AAPL,0.18254396,0.438313,0.001,25,0.5947458441127319
2025-11-23,GOOG,0.20096235294117648,0.476951,0.001,17,0.5808559093415377
2025-11-24,AAPL,0.1718858913043478,0.522168,0.001,46,0.6617860521732305
2025-11-24,GOOG,0.31845404,0.849511,0.001,25,1.0375540052429546
2025-11-25,AAPL,0.18978995454545453,0.484798,0.001,22,0.5950853047187289
2025-11-25,GOOG,0.20146433333333333,0.480788,0.001,27,0.671320360172774
2025-11-26,AAPL,0.17027038095238095,0.460234,0.001,21,0.5263129760733027
2025-11-26,GOOG,0.1618697619047619,0.520718,0.001,21,0.5003463059626218
2025-11-27,AAPL,0.129652,0.332314,0.001,13,0.34215906089927745
2025-11-27,GOOG,0.1869326,0.369321,0.034957,10,0.44824479787190874
2025-11-28,AAPL,0.1900339393939394,0.672776,0.001,33,0.6701281822160879
2025-11-28,GOOG,0.1709541111111111,0.356989,0.001,18,0.5033639484043062
2025-11-29,AAPL,0.18670504999999998,0.397131,0.001,20,0.5684277139612736
2025-11-29,GOOG,0.292547,0.435511,0.083469,11,0.7269519856755301
2025-11-30,AAPL,0.1548674117647059,0.432467,0.001,17,0.44762439318318215
2025-11-30,GOOG,0.22332541666666664,0.380892,0.125992,12,0.5728183839839965
2025-12-01,AAPL,0.1809321935483871,0.670048,0.001,31,0.6270631991529543
2025-12-01,GOOG,0.24408039393939393,0.547928,0.001,33,0.8607154660206405
2025-12-02,AAPL,0.2210709677419355,0.611952,0.001,31,0.766173589969906
2025-12-02,GOOG,0.2424287777777778,0.768096,0.001,36,0.8753904162182239
2025-12-03,AAPL,0.18659096428571428,0.41633,0.001,28,0.6283069759524408
2025-12-03,GOOG,0.23042725,0.438652,0.001,16,0.6528495595341778
2025-12-04,AAPL,0.1614002,0.42643,0.001,25,0.5258574328559747
2025-12-04,GOOG,0.23131284615384617,0.451729,0.04532,13,0.6104478620764744
2025-12-05,AAPL,0.19090833333333335,0.442842,0.001,21,0.5901057630332139
2025-12-05,GOOG,0.2373729375,0.500045,0.042516,16,0.6725281740428222
2025-12-06,AAPL,0.1699849090909091,0.525255,0.001,11,0.42239663096360874
2025-12-06,GOOG,0.287352,0.287352,0.287352,1,0.1991772286282614
2025-12-07,AAPL,0.05472114285714286,0.213792,0.001,7,0.11378941766533968
2025-12-07,GOOG,0.2077772222222222,0.298935,0.001,9,0.47842473455260004
2025-12-08,AAPL,0.16854394444444443,0.464619,0.001,18,0.49626735972468516
2025-12-08,GOOG,0.28287404,0.4309,0.001,25,0.9216309304201502
2025-12-09,AAPL,0.24260185714285715,0.449906,0.001,21,0.7498926396921408
2025-12-09,GOOG,0.2188777619047619,0.366187,0.001,21,0.6765604541436726
2025-12-10,AAPL,0.22142546153846154,0.369208,0.001,13,0.5843544872365184
2025-12-10,GOOG,0.24050333333333332,0.571427,0.001,15,0.6668168296610748
2025-12-11,AAPL,0.054257,0.054257,0.054257,1,0.03760808657564095
